{
  "v": "5.5.5",
  "fr": 25,
  "ip": 0,
  "op": 60,
  "w": 140,
  "h": 140,
  "nm": "Top 3",
  "ddd": 0,
  "assets": [],
  "layers": [

    {
      "ddd": 0,
      "ind": 2,
      "ty": 4,
      "nm": "1",
      "sr": 1,
      "ks": {
        "o": {
          "a": 1,
          "k": [
            {
              "i": {
                "x": [
                  0.833
                ],
                "y": [
                  0.833
                ]
              },
              "o": {
                "x": [
                  0.167
                ],
                "y": [
                  0.167
                ]
              },
              "t": 0,
              "s": [
                100
              ]
            },
            {
              "t": 60,
              "s": [
                0
              ]
            }
          ],
          "ix": 11
        },
        "r": {
          "a": 0,
          "k": 0,
          "ix": 10
        },
        "p": {
          "a": 0,
          "k": [
            70.678,
            70.928,
            0
          ],
          "ix": 2
        },
        "a": {
          "a": 0,
          "k": [
            51.178,
            214.428,
            0
          ],
          "ix": 1
        },
        "s": {
          "a": 1,
          "k": [
            {
              "i": {
                "x": [
                  0.833,
                  0.833,
                  0.833
                ],
                "y": [
                  0.833,
                  0.833,
                  0.833
                ]
              },
              "o": {
                "x": [
                  0.167,
                  0.167,
                  0.167
                ],
                "y": [
                  0.167,
                  0.167,
                  0.167
                ]
              },
              "t": 0,
              "s": [
                100,
                100,
                100
              ]
            },
            {
              "i": {
                "x": [
                  0.833,
                  0.833,
                  0.833
                ],
                "y": [
                  0.833,
                  0.833,
                  0.833
                ]
              },
              "o": {
                "x": [
                  0.167,
                  0.167,
                  0.167
                ],
                "y": [
                  0.167,
                  0.167,
                  0.167
                ]
              },
              "t": 20,
              "s": [
                150,
                150,
                100
              ]
            },
            {
              "i": {
                "x": [
                  0.833,
                  0.833,
                  0.833
                ],
                "y": [
                  0.833,
                  0.833,
                  0.833
                ]
              },
              "o": {
                "x": [
                  0.167,
                  0.167,
                  0.167
                ],
                "y": [
                  0.167,
                  0.167,
                  0.167
                ]
              },
              "t": 40,
              "s": [
                200,
                200,
                100
              ]
            },
            {
              "t": 60,
              "s": [
                250,
                250,
                100
              ]
            }
          ],
          "ix": 6
        }
      },
      "ao": 0,
      "shapes": [
        {
          "ty": "gr",
          "it": [
            {
              "ind": 0,
              "ty": "sh",
              "ix": 1,
              "ks": {
                "a": 0,
                "k": {
                  "i": [
                    [
                      13.767,
                      0
                    ],
                    [
                      0,
                      -13.767
                    ],
                    [
                      -13.767,
                      0
                    ],
                    [
                      0,
                      13.767
                    ]
                  ],
                  "o": [
                    [
                      -13.767,
                      0
                    ],
                    [
                      0,
                      13.767
                    ],
                    [
                      13.767,
                      0
                    ],
                    [
                      0,
                      -13.767
                    ]
                  ],
                  "v": [
                    [
                      -6.25,
                      -28.428
                    ],
                    [
                      -31.178,
                      -3.5
                    ],
                    [
                      -6.25,
                      21.428
                    ],
                    [
                      18.678,
                      -3.5
                    ]
                  ],
                  "c": true
                },
                "ix": 2
              },
              "nm": "Ã¨Â·Â¯Ã¥Â¾Â 1",
              "mn": "ADBE Vector Shape - Group",
              "hd": false
            },
            {
              "ty": "st",
              "c": {
                "a": 0,
                "k": [
                  1,
                  0.717647058824,
                  0.301960784314,
                  1
                ],
                "ix": 3
              },
              "o": {
                "a": 0,
                "k": 100,
                "ix": 4
              },
              "w": {
                "a": 1,
                "k": [
                  {
                    "i": {
                      "x": [
                        0.833
                      ],
                      "y": [
                        0.833
                      ]
                    },
                    "o": {
                      "x": [
                        0.167
                      ],
                      "y": [
                        0.167
                      ]
                    },
                    "t": 0,
                    "s": [
                      6
                    ]
                  },
                  {
                    "i": {
                      "x": [
                        0.833
                      ],
                      "y": [
                        0.833
                      ]
                    },
                    "o": {
                      "x": [
                        0.167
                      ],
                      "y": [
                        0.167
                      ]
                    },
                    "t": 20,
                    "s": [
                      5
                    ]
                  },
                  {
                    "i": {
                      "x": [
                        0.833
                      ],
                      "y": [
                        0.833
                      ]
                    },
                    "o": {
                      "x": [
                        0.167
                      ],
                      "y": [
                        0.167
                      ]
                    },
                    "t": 40,
                    "s": [
                      4
                    ]
                  },
                  {
                    "t": 60,
                    "s": [
                      3
                    ]
                  }
                ],
                "ix": 5
              },
              "lc": 1,
              "lj": 1,
              "ml": 4,
              "bm": 0,
              "nm": "Ã¦ÂÂÃ¨Â¾Â¹ 1",
              "mn": "ADBE Vector Graphic - Stroke",
              "hd": false
            },
            {
              "ty": "tr",
              "p": {
                "a": 0,
                "k": [
                  57.428,
                  217.928
                ],
                "ix": 2
              },
              "a": {
                "a": 0,
                "k": [
                  0,
                  0
                ],
                "ix": 1
              },
              "s": {
                "a": 0,
                "k": [
                  100,
                  100
                ],
                "ix": 3
              },
              "r": {
                "a": 0,
                "k": 0,
                "ix": 6
              },
              "o": {
                "a": 0,
                "k": 100,
                "ix": 7
              },
              "sk": {
                "a": 0,
                "k": 0,
                "ix": 4
              },
              "sa": {
                "a": 0,
                "k": 0,
                "ix": 5
              },
              "nm": "Ã¥ÂÂÃ¦ÂÂ¢"
            }
          ],
          "nm": "Ã¦Â¤Â­Ã¥ÂÂ 1",
          "np": 3,
          "cix": 2,
          "bm": 0,
          "ix": 1,
          "mn": "ADBE Vector Group",
          "hd": false
        }
      ],
      "ip": 0,
      "op": 1526,
      "st": 0,
      "bm": 0
    }
  ],
  "markers": []
}