{
  "menu": [
    {
      "name": "டாஷ்போர்டு",
      "headlines": [

      ]
    },
    {
      "name": "சுயவிவரம்",
      "headlines": [

      ]
    },
    {
      "name": "அறிவிப்புகள்",
      "headlines": [

      ]
    },
    {
      "name": "உறுப்பினர் விவரங்கள்",
      "headlines": [

      ]
    },
    {
      "name": "திட்டங்கள்",
      "headlines": [
        {
          "title": "நேரடி திட்டங்கள்"
        },
        {
          "title": "அனைத்து திட்டங்களும்"
        }
      ]
    },
    {
      "name": "அறிவிப்புகள்",
      "headlines": [
        {
          "title": "நேரடி அறிவிப்புகள்"
        },
        {
          "title": "அனைத்து அறிவிப்புகளும்"
        }
      ]
    },
    {
      "name": "பயிற்சி",
      "headlines": [
        {
          "title": "நேரடி பயிற்சி"
        },
        {
          "title": "அனைத்து பயிற்சியும்"
        }
      ]
    },
    {
      "name": "புகார்கள்/கருத்து",
      "headlines": [
        {
          "title": "புதியதை உருவாக்கு"
        },
        {
          "title": "வரலாறு"
        }
      ]
    },
    {
      "name": "தகவல் மையம்",
      "headlines": [

      ]
    },
    {
      "name": "சந்தா",
      "headlines": [

      ]
    },
    {
      "name": "அமைப்புகள்",
      "headlines": [

      ]
    }
  ]
}