{
  "menu": [
    {
      "name": "ഡാഷ്ബോർഡ്",
      "headlines": [

      ]
    },
    {
      "name": "പ്രൊഫൈൽ",
      "headlines": [

      ]
    },
    {
      "name": "അറിയിപ്പുകൾ",
      "headlines": [

      ]
    },
    {
      "name": "അംഗത്വ വിശദാംശങ്ങൾ",
      "headlines": [

      ]
    },
    {
      "name": "സ്കീമുകൾ",
      "headlines": [
        {
          "title": "ലൈവ് സ്കീമുകൾ"
        },
        {
          "title": "എല്ലാ സ്കീമുകളും"
        }
      ]
    },
    {
      "name": "അറിയിപ്പുകൾ",
      "headlines": [
        {
          "title": "തത്സമയ അറിയിപ്പുകൾ"
        },
        {
          "title": "എല്ലാ അറിയിപ്പുകളും"
        }
      ]
    },
    {
      "name": "പരിശീലനം",
      "headlines": [
        {
          "title": "തത്സമയ പരിശീലനം"
        },
        {
          "title": "എല്ലാ പരിശീലനവും"
        }
      ]
    },
    {
      "name": "പരാതികൾ/ഫീഡ്ബാക്ക്",
      "headlines": [
        {
          "title": "പുതിയത് സൃഷ്‌ടിക്കുക"
        },
        {
          "title": "ചരിത്രം"
        }
      ]
    },
    {
      "name": "വിവര കേന്ദ്രം",
      "headlines": [

      ]
    },
    {
      "name": "സബ്സ്ക്രിപ്ഷൻ",
      "headlines": [

      ]
    },
    {
      "name": "ക്രമീകരണങ്ങൾ",
      "headlines": [

      ]
    }
  ]
}