{
  "menu": [
    {
      "name": "డ్యాష్‌బోర్డ్",
      "headlines": [

      ]
    },
    {
      "name": "ప్రొఫైల్",
      "headlines": [

      ]
    },
    {
      "name": "నోటిఫికేషన్లు",
      "headlines": [

      ]
    },
    {
      "name": "సభ్యత్వ వివరాలు",
      "headlines": [

      ]
    },
    {
      "name": "పథకాలు",
      "headlines": [
        {
          "title": "ప్రత్యక్ష పథకాలు"
        },
        {
          "title": "అన్ని పథకాలు"
        }
      ]
    },
    {
      "name": "నోటీసులు",
      "headlines": [
        {
          "title": "ప్రత్యక్ష నోటీసులు"
        },
        {
          "title": "అన్ని నోటీసులు"
        }
      ]
    },
    {
      "name": "శిక్షణ",
      "headlines": [
        {
          "title": "ప్రత్యక్ష శిక్షణ"
        },
        {
          "title": "అన్ని శిక్షణ"
        }
      ]
    },
    {
      "name": "ఫిర్యాదులు/ఫీడ్‌బ్యాక్",
      "headlines": [
        {
          "title": "కొత్తగా సృష్టించు"
        },
        {
          "title": "చరిత్ర"
        }
      ]
    },
    {
      "name": "సమాచార కేంద్రం",
      "headlines": [

      ]
    },
    {
      "name": "చందా",
      "headlines": [

      ]
    },
    {
      "name": "సెట్టింగ్‌లు",
      "headlines": [

      ]
    }
  ]
}