{
  "menu": [
    {
      "name": "डैशबोर्ड",
      "headlines": [

      ]
    },
    {
      "name": "प्रोफ़ाइल",
      "headlines": [

      ]
    },
    {
      "name": "वितरण",
      "headlines": [
        {
          "title": "वितरण बनाएँ"
        },
        {
          "title": "सभी वितरण"
        }
      ]
    },
    {
      "name": "सेटिंग्स",
      "headlines": [

      ]
    }
  ]
}