{
  "menu": [
    {
      "name": "ಡ್ಯಾಶ್‌ಬೋರ್ಡ್",
      "headlines": [

      ]
    },
    {
      "name": "ಪ್ರೊಫೈಲ್",
      "headlines": [

      ]
    },
    {
      "name": "ಅಧಿಸೂಚನೆಗಳು",
      "headlines": [

      ]
    },
    {
      "name": "ಸದಸ್ಯತ್ವದ ವಿವರಗಳು",
      "headlines": [

      ]
    },
    {
      "name": "ಯೋಜನೆಗಳು",
      "headlines": [
        {
          "title": "ಲೈವ್ ಯೋಜನೆಗಳು"
        },
        {
          "title": "ಎಲ್ಲಾ ಯೋಜನೆಗಳು"
        }
      ]
    },
    {
      "name": "ಸೂಚನೆಗಳು",
      "headlines": [
        {
          "title": "ಲೈವ್ ಸೂಚನೆಗಳು"
        },
        {
          "title": "ಎಲ್ಲಾ ಸೂಚನೆಗಳು"
        }
      ]
    },
    {
      "name": "ತರಬೇತಿ",
      "headlines": [
        {
          "title": "ಲೈವ್ ತರಬೇತಿ"
        },
        {
          "title": "ಎಲ್ಲಾ ತರಬೇತಿ"
        }
      ]
    },
    {
      "name": "ದೂರುಗಳು/ಪ್ರತಿಕ್ರಿಯೆ",
      "headlines": [
        {
          "title": "ಹೊಸದನ್ನು ರಚಿಸಿ"
        },
        {
          "title": "ಇತಿಹಾಸ"
        }
      ]
    },
    {
      "name": "ಮಾಹಿತಿ ಕೇಂದ್ರ",
      "headlines": [

      ]
    },
    {
      "name": "ಚಂದಾದಾರಿಕೆ",
      "headlines": [

      ]
    },
    {
      "name": "ಸೆಟ್ಟಿಂಗ್‌ಗಳು",
      "headlines": [

      ]
    }
  ]
}