{
  "menu": [
    {
      "name": "ডেচব'ৰ্ড",
      "headlines": [

      ]
    },
    {
      "name": "ৰূপৰেখা",
      "headlines": [

      ]
    },
    {
      "name": "জাননীসমূহ",
      "headlines": [

      ]
    },
    {
      "name": "সদস্যপদৰ বিৱৰণ",
      "headlines": [

      ]
    },
    {
      "name": "আঁচনি",
      "headlines": [
        {
          "title": "লাইভ আঁচনি"
        },
        {
          "title": "সকলো আঁচনি"
        }
      ]
    },
    {
      "name": "জাননী",
      "headlines": [
        {
          "title": "লাইভ জাননী"
        },
        {
          "title": "সকলো জাননী"
        }
      ]
    },
    {
      "name": "প্ৰশিক্ষণ",
      "headlines": [
        {
          "title": "লাইভ ট্ৰেইনিং"
        },
        {
          "title": "সকলো প্ৰশিক্ষণ"
        }
      ]
    },
    {
      "name": "অভিযোগ/মতামত",
      "headlines": [
        {
          "title": "নতুন সৃষ্টি কৰক"
        },
        {
          "title": "ইতিহাস"
        }
      ]
    },
    {
      "name": "তথ্য কেন্দ্ৰ",
      "headlines": [

      ]
    },
    {
      "name": "চাবস্ক্ৰিপচন",
      "headlines": [

      ]
    },
    {
      "name": "ছেটিংছ",
      "headlines": [

      ]
    }
  ]
}