{
  "menu": [
    {
      "name": "ড্যাশবোর্ড",
      "headlines": [

      ]
    },
    {
      "name": "প্রোফাইল",
      "headlines": [

      ]
    },
    {
      "name": "বিজ্ঞপ্তি",
      "headlines": [

      ]
    },
    {
      "name": "সদস্যপদ বিবরণ",
      "headlines": [

      ]
    },
    {
      "name": "স্কিম",
      "headlines": [
        {
          "title": "লাইভ স্কিম"
        },
        {
          "title": "সমস্ত স্কিম"
        }
      ]
    },
    {
      "name": "নোটিশ",
      "headlines": [
        {
          "title": "লাইভ নোটিশ"
        },
        {
          "title": "সমস্ত বিজ্ঞপ্তি"
        }
      ]
    },
    {
      "name": "প্রশিক্ষণ",
      "headlines": [
        {
          "title": "লাইভ ট্রেনিং"
        },
        {
          "title": "সমস্ত প্রশিক্ষণ"
        }
      ]
    },
    {
      "name": "অভিযোগ/প্রতিক্রিয়া",
      "headlines": [
        {
          "title": "নতুন তৈরী করা"
        },
        {
          "title": "ইতিহাস"
        }
      ]
    },
    {
      "name": "তথ্য কেন্দ্র",
      "headlines": [

      ]
    },
    {
      "name": "সাবস্ক্রিপশন",
      "headlines": [

      ]
    },
    {
      "name": "সেটিংস",
      "headlines": [

      ]
    }
  ]
}