{
  "menu": [
    {
      "name": "ਡੈਸ਼ਬੋਰਡ",
      "headlines": [

      ]
    },
    {
      "name": "ਪਰੋਫਾਇਲ",
      "headlines": [

      ]
    },
    {
      "name": "ਸੂਚਨਾਵਾਂ",
      "headlines": [

      ]
    },
    {
      "name": "ਮੈਂਬਰਸ਼ਿਪ ਵੇਰਵੇ",
      "headlines": [

      ]
    },
    {
      "name": "ਸਕੀਮਾਂ",
      "headlines": [
        {
          "title": "ਲਾਈਵ ਸਕੀਮਾਂ"
        },
        {
          "title": "ਸਾਰੀਆਂ ਸਕੀਮਾਂ"
        }
      ]
    },
    {
      "name": "ਨੋਟਿਸ",
      "headlines": [
        {
          "title": "ਲਾਈਵ ਨੋਟਿਸ"
        },
        {
          "title": "ਸਾਰੇ ਨੋਟਿਸ"
        }
      ]
    },
    {
      "name": "ਸਿਖਲਾਈ",
      "headlines": [
        {
          "title": "ਲਾਈਵ ਟਰੇਨਿੰਗ"
        },
        {
          "title": "ਸਾਰੀ ਸਿਖਲਾਈ"
        }
      ]
    },
    {
      "name": "ਸ਼ਿਕਾਇਤਾਂ/ਫੀਡਬੈਕ",
      "headlines": [
        {
          "title": "ਨਵਾਂ ਬਣਾਓ"
        },
        {
          "title": "ਇਤਿਹਾਸ"
        }
      ]
    },
    {
      "name": "ਜਾਣਕਾਰੀ ਕੇਂਦਰ",
      "headlines": [

      ]
    },
    {
      "name": "ਗਾਹਕੀ",
      "headlines": [

      ]
    },
    {
      "name": "ਸੈਟਿੰਗ",
      "headlines": [

      ]
    }
  ]
}