{
  "menu": [
    {
      "name": "ડેશબોર્ડ",
      "headlines": [

      ]
    },
    {
      "name": "પ્રોફાઇલ",
      "headlines": [

      ]
    },
    {
      "name": "સૂચનાઓ",
      "headlines": [

      ]
    },
    {
      "name": "સભ્યપદ વિગતો",
      "headlines": [

      ]
    },
    {
      "name": "યોજનાઓ",
      "headlines": [
        {
          "title": "જીવંત યોજનાઓ"
        },
        {
          "title": "બધી યોજનાઓ"
        }
      ]
    },
    {
      "name": "નોટિસ",
      "headlines": [
        {
          "title": "લાઈવ નોટિસ"
        },
        {
          "title": "બધી સૂચનાઓ"
        }
      ]
    },
    {
      "name": "તાલીમ",
      "headlines": [
        {
          "title": "જીવંત તાલીમ"
        },
        {
          "title": "તમામ તાલીમ"
        }
      ]
    },
    {
      "name": "ફરિયાદો/પ્રતિસાદ",
      "headlines": [
        {
          "title": "નવું બનાવો"
        },
        {
          "title": "ઇતિહાસ"
        }
      ]
    },
    {
      "name": "માહિતી કેન્દ્ર",
      "headlines": [

      ]
    },
    {
      "name": "સબ્સ્ક્રિપ્શન",
      "headlines": [

      ]
    },
    {
      "name": "સેટિંગ્સ",
      "headlines": [

      ]
    }
  ]
}