{
  "menu": [
    {
      "name": "डॅशबोर्ड",
      "headlines": [

      ]
    },
    {
      "name": "प्रोफाइल",
      "headlines": [

      ]
    },
    {
      "name": "सूचना",
      "headlines": [

      ]
    },
    {
      "name": "सदस्यत्व तपशील",
      "headlines": [

      ]
    },
    {
      "name": "योजना",
      "headlines": [
        {
          "title": "लाइव्ह योजना"
        },
        {
          "title": "सर्व योजना"
        }
      ]
    },
    {
      "name": "सूचना",
      "headlines": [
        {
          "title": "लाइव्ह सूचना"
        },
        {
          "title": "सर्व सूचना"
        }
      ]
    },
    {
      "name": "प्रशिक्षण",
      "headlines": [
        {
          "title": "लाइव्ह ट्रेनिंग"
        },
        {
          "title": "सर्व प्रशिक्षण"
        }
      ]
    },
    {
      "name": "तक्रारी/अभिप्राय",
      "headlines": [
        {
          "title": "नवीन तयार करा"
        },
        {
          "title": "इतिहास"
        }
      ]
    },
    {
      "name": "माहिती केंद्र",
      "headlines": [

      ]
    },
    {
      "name": "वर्गणी",
      "headlines": [

      ]
    },
    {
      "name": "सेटिंग्ज",
      "headlines": [

      ]
    }
  ]
}