{
  "menu": [
    {
      "name": "ڈیش بورڈ",
      "headlines": [

      ]
    },
    {
      "name": "پروفائل",
      "headlines": [

      ]
    },
    {
      "name": "اطلاعات",
      "headlines": [

      ]
    },
    {
      "name": "رکنیت کی تفصیلات",
      "headlines": [

      ]
    },
    {
      "name": "اسکیمیں",
      "headlines": [
        {
          "title": "لائیو سکیمیں"
        },
        {
          "title": "تمام اسکیمیں"
        }
      ]
    },
    {
      "name": "نوٹس",
      "headlines": [
        {
          "title": "لائیو نوٹسز"
        },
        {
          "title": "تمام نوٹس"
        }
      ]
    },
    {
      "name": "تربیت",
      "headlines": [
        {
          "title": "ائیو ٹریننگ"
        },
        {
          "title": "تمام تربیت"
        }
      ]
    },
    {
      "name": "شکایات/رائے",
      "headlines": [
        {
          "title": "نیا تخلیق کریں"
        },
        {
          "title": "تاریخ"
        }
      ]
    },
    {
      "name": "معلومات کا مرکز",
      "headlines": [

      ]
    },
    {
      "name": "رکنیت",
      "headlines": [

      ]
    },
    {
      "name": "ترتیبات",
      "headlines": [

      ]
    }
  ]
}